epoch,acc,loss,val_acc,val_loss
0,0.54063300256081948,1.4379712218053819,0.1575,1.7473431394577026
1,0.53955062479974369,1.244000631202226,0.183,1.6772324701309205
2,0.5387495994873438,1.1722938638587519,0.24579999999999999,1.5589422142028808
3,0.54165331624479329,1.1339236557082617,0.2336,1.4940967628479005
4,0.53965075296379361,1.1081661911432426,0.32550000000000001,1.3592846187591552
5,0.53993111182313358,1.0950872551665325,0.32179999999999997,1.3304105880737305
